﻿CODIGO;REGIAO;ESTADO
310010;SUDESTE;MG
310020;SUDESTE;MG
310030;SUDESTE;MG
310040;SUDESTE;MG
310050;SUDESTE;MG
310060;SUDESTE;MG
310070;SUDESTE;MG
310080;SUDESTE;MG
310090;SUDESTE;MG
310100;SUDESTE;MG
310110;SUDESTE;MG
310120;SUDESTE;MG
310130;SUDESTE;MG
310140;SUDESTE;MG
310150;SUDESTE;MG
310160;SUDESTE;MG
310163;SUDESTE;MG
310170;SUDESTE;MG
310180;SUDESTE;MG
310190;SUDESTE;MG
310200;SUDESTE;MG
310205;SUDESTE;MG
310210;SUDESTE;MG
310220;SUDESTE;MG
310230;SUDESTE;MG
310240;SUDESTE;MG
310250;SUDESTE;MG
310260;SUDESTE;MG
310270;SUDESTE;MG
310280;SUDESTE;MG
310285;SUDESTE;MG
310290;SUDESTE;MG
310300;SUDESTE;MG
310310;SUDESTE;MG
310320;SUDESTE;MG
310330;SUDESTE;MG
310340;SUDESTE;MG
310350;SUDESTE;MG
310360;SUDESTE;MG
310370;SUDESTE;MG
310375;SUDESTE;MG
310380;SUDESTE;MG
310390;SUDESTE;MG
310400;SUDESTE;MG
310410;SUDESTE;MG
310420;SUDESTE;MG
310430;SUDESTE;MG
310440;SUDESTE;MG
310445;SUDESTE;MG
310450;SUDESTE;MG
310460;SUDESTE;MG
310470;SUDESTE;MG
310480;SUDESTE;MG
310490;SUDESTE;MG
310500;SUDESTE;MG
310510;SUDESTE;MG
310520;SUDESTE;MG
310530;SUDESTE;MG
310540;SUDESTE;MG
310550;SUDESTE;MG
310560;SUDESTE;MG
310570;SUDESTE;MG
310590;SUDESTE;MG
310600;SUDESTE;MG
310610;SUDESTE;MG
310620;SUDESTE;MG
310630;SUDESTE;MG
310640;SUDESTE;MG
310650;SUDESTE;MG
310660;SUDESTE;MG
310665;SUDESTE;MG
310670;SUDESTE;MG
310680;SUDESTE;MG
310690;SUDESTE;MG
310700;SUDESTE;MG
310710;SUDESTE;MG
310720;SUDESTE;MG
310730;SUDESTE;MG
310740;SUDESTE;MG
310750;SUDESTE;MG
310760;SUDESTE;MG
310770;SUDESTE;MG
310780;SUDESTE;MG
310790;SUDESTE;MG
310800;SUDESTE;MG
310810;SUDESTE;MG
310820;SUDESTE;MG
310825;SUDESTE;MG
310830;SUDESTE;MG
310840;SUDESTE;MG
310850;SUDESTE;MG
310855;SUDESTE;MG
310860;SUDESTE;MG
310870;SUDESTE;MG
310880;SUDESTE;MG
310890;SUDESTE;MG
310900;SUDESTE;MG
310910;SUDESTE;MG
310920;SUDESTE;MG
310925;SUDESTE;MG
310930;SUDESTE;MG
310940;SUDESTE;MG
310945;SUDESTE;MG
310950;SUDESTE;MG
310960;SUDESTE;MG
310970;SUDESTE;MG
310980;SUDESTE;MG
310990;SUDESTE;MG
311000;SUDESTE;MG
311010;SUDESTE;MG
311020;SUDESTE;MG
311030;SUDESTE;MG
311040;SUDESTE;MG
311050;SUDESTE;MG
311060;SUDESTE;MG
311070;SUDESTE;MG
311080;SUDESTE;MG
311090;SUDESTE;MG
311100;SUDESTE;MG
311110;SUDESTE;MG
311115;SUDESTE;MG
311120;SUDESTE;MG
311130;SUDESTE;MG
311140;SUDESTE;MG
311150;SUDESTE;MG
311160;SUDESTE;MG
311170;SUDESTE;MG
311180;SUDESTE;MG
311190;SUDESTE;MG
311200;SUDESTE;MG
311205;SUDESTE;MG
311210;SUDESTE;MG
311220;SUDESTE;MG
311230;SUDESTE;MG
311240;SUDESTE;MG
311250;SUDESTE;MG
311260;SUDESTE;MG
311265;SUDESTE;MG
311270;SUDESTE;MG
311280;SUDESTE;MG
311290;SUDESTE;MG
311300;SUDESTE;MG
311310;SUDESTE;MG
311320;SUDESTE;MG
311330;SUDESTE;MG
311340;SUDESTE;MG
311350;SUDESTE;MG
311360;SUDESTE;MG
311370;SUDESTE;MG
311380;SUDESTE;MG
311390;SUDESTE;MG
311400;SUDESTE;MG
311410;SUDESTE;MG
311420;SUDESTE;MG
311430;SUDESTE;MG
311440;SUDESTE;MG
311450;SUDESTE;MG
311455;SUDESTE;MG
311460;SUDESTE;MG
311470;SUDESTE;MG
311480;SUDESTE;MG
311490;SUDESTE;MG
311500;SUDESTE;MG
311510;SUDESTE;MG
311520;SUDESTE;MG
311530;SUDESTE;MG
311535;SUDESTE;MG
311540;SUDESTE;MG
311545;SUDESTE;MG
311547;SUDESTE;MG
311550;SUDESTE;MG
311560;SUDESTE;MG
311570;SUDESTE;MG
311580;SUDESTE;MG
311590;SUDESTE;MG
311600;SUDESTE;MG
311610;SUDESTE;MG
311615;SUDESTE;MG
311620;SUDESTE;MG
311630;SUDESTE;MG
311640;SUDESTE;MG
311650;SUDESTE;MG
311660;SUDESTE;MG
311670;SUDESTE;MG
311680;SUDESTE;MG
311690;SUDESTE;MG
311700;SUDESTE;MG
311710;SUDESTE;MG
311720;SUDESTE;MG
311730;SUDESTE;MG
311740;SUDESTE;MG
311750;SUDESTE;MG
311760;SUDESTE;MG
311770;SUDESTE;MG
311780;SUDESTE;MG
311783;SUDESTE;MG
311787;SUDESTE;MG
311790;SUDESTE;MG
311800;SUDESTE;MG
311810;SUDESTE;MG
311820;SUDESTE;MG
311830;SUDESTE;MG
311840;SUDESTE;MG
311850;SUDESTE;MG
311860;SUDESTE;MG
311870;SUDESTE;MG
311880;SUDESTE;MG
311890;SUDESTE;MG
311900;SUDESTE;MG
311910;SUDESTE;MG
311920;SUDESTE;MG
311930;SUDESTE;MG
311940;SUDESTE;MG
311950;SUDESTE;MG
311960;SUDESTE;MG
311970;SUDESTE;MG
311980;SUDESTE;MG
311990;SUDESTE;MG
311995;SUDESTE;MG
312000;SUDESTE;MG
312010;SUDESTE;MG
312015;SUDESTE;MG
312020;SUDESTE;MG
312030;SUDESTE;MG
312040;SUDESTE;MG
312050;SUDESTE;MG
312060;SUDESTE;MG
312070;SUDESTE;MG
312080;SUDESTE;MG
312083;SUDESTE;MG
312087;SUDESTE;MG
312090;SUDESTE;MG
312100;SUDESTE;MG
312110;SUDESTE;MG
312120;SUDESTE;MG
312125;SUDESTE;MG
312130;SUDESTE;MG
312140;SUDESTE;MG
312150;SUDESTE;MG
312160;SUDESTE;MG
312170;SUDESTE;MG
312180;SUDESTE;MG
312190;SUDESTE;MG
312200;SUDESTE;MG
312210;SUDESTE;MG
312220;SUDESTE;MG
312230;SUDESTE;MG
312235;SUDESTE;MG
312240;SUDESTE;MG
312245;SUDESTE;MG
312247;SUDESTE;MG
312250;SUDESTE;MG
312260;SUDESTE;MG
312270;SUDESTE;MG
312280;SUDESTE;MG
312290;SUDESTE;MG
312300;SUDESTE;MG
312310;SUDESTE;MG
312320;SUDESTE;MG
312330;SUDESTE;MG
312340;SUDESTE;MG
312350;SUDESTE;MG
312352;SUDESTE;MG
312360;SUDESTE;MG
312370;SUDESTE;MG
312380;SUDESTE;MG
312385;SUDESTE;MG
312390;SUDESTE;MG
312400;SUDESTE;MG
312410;SUDESTE;MG
312420;SUDESTE;MG
312430;SUDESTE;MG
312440;SUDESTE;MG
312450;SUDESTE;MG
312460;SUDESTE;MG
312470;SUDESTE;MG
312480;SUDESTE;MG
312490;SUDESTE;MG
312500;SUDESTE;MG
312510;SUDESTE;MG
312520;SUDESTE;MG
312530;SUDESTE;MG
312540;SUDESTE;MG
312550;SUDESTE;MG
312560;SUDESTE;MG
312570;SUDESTE;MG
312580;SUDESTE;MG
312590;SUDESTE;MG
312595;SUDESTE;MG
312600;SUDESTE;MG
312610;SUDESTE;MG
312620;SUDESTE;MG
312630;SUDESTE;MG
312640;SUDESTE;MG
312650;SUDESTE;MG
312660;SUDESTE;MG
312670;SUDESTE;MG
312675;SUDESTE;MG
312680;SUDESTE;MG
312690;SUDESTE;MG
312695;SUDESTE;MG
312700;SUDESTE;MG
312705;SUDESTE;MG
312707;SUDESTE;MG
312710;SUDESTE;MG
312720;SUDESTE;MG
312730;SUDESTE;MG
312733;SUDESTE;MG
312735;SUDESTE;MG
312737;SUDESTE;MG
312738;SUDESTE;MG
312740;SUDESTE;MG
312750;SUDESTE;MG
312760;SUDESTE;MG
312770;SUDESTE;MG
312780;SUDESTE;MG
312790;SUDESTE;MG
312800;SUDESTE;MG
312810;SUDESTE;MG
312820;SUDESTE;MG
312825;SUDESTE;MG
312830;SUDESTE;MG
312840;SUDESTE;MG
312850;SUDESTE;MG
312860;SUDESTE;MG
312870;SUDESTE;MG
312880;SUDESTE;MG
312890;SUDESTE;MG
312900;SUDESTE;MG
312910;SUDESTE;MG
312920;SUDESTE;MG
312930;SUDESTE;MG
312940;SUDESTE;MG
312950;SUDESTE;MG
312960;SUDESTE;MG
312965;SUDESTE;MG
312970;SUDESTE;MG
312980;SUDESTE;MG
312990;SUDESTE;MG
313000;SUDESTE;MG
313005;SUDESTE;MG
313010;SUDESTE;MG
313020;SUDESTE;MG
313030;SUDESTE;MG
313040;SUDESTE;MG
313050;SUDESTE;MG
313055;SUDESTE;MG
313060;SUDESTE;MG
313065;SUDESTE;MG
313070;SUDESTE;MG
313080;SUDESTE;MG
313090;SUDESTE;MG
313100;SUDESTE;MG
313110;SUDESTE;MG
313115;SUDESTE;MG
313120;SUDESTE;MG
313130;SUDESTE;MG
313140;SUDESTE;MG
313150;SUDESTE;MG
313160;SUDESTE;MG
313170;SUDESTE;MG
313180;SUDESTE;MG
313190;SUDESTE;MG
313200;SUDESTE;MG
313210;SUDESTE;MG
313220;SUDESTE;MG
313230;SUDESTE;MG
313240;SUDESTE;MG
313250;SUDESTE;MG
313260;SUDESTE;MG
313270;SUDESTE;MG
313280;SUDESTE;MG
313290;SUDESTE;MG
313300;SUDESTE;MG
313310;SUDESTE;MG
313320;SUDESTE;MG
313330;SUDESTE;MG
313340;SUDESTE;MG
313350;SUDESTE;MG
313360;SUDESTE;MG
313370;SUDESTE;MG
313375;SUDESTE;MG
313380;SUDESTE;MG
313390;SUDESTE;MG
313400;SUDESTE;MG
313410;SUDESTE;MG
313420;SUDESTE;MG
313430;SUDESTE;MG
313440;SUDESTE;MG
313450;SUDESTE;MG
313460;SUDESTE;MG
313470;SUDESTE;MG
313480;SUDESTE;MG
313490;SUDESTE;MG
313500;SUDESTE;MG
313505;SUDESTE;MG
313507;SUDESTE;MG
313510;SUDESTE;MG
313520;SUDESTE;MG
313530;SUDESTE;MG
313535;SUDESTE;MG
313540;SUDESTE;MG
313545;SUDESTE;MG
313550;SUDESTE;MG
313560;SUDESTE;MG
313570;SUDESTE;MG
313580;SUDESTE;MG
313590;SUDESTE;MG
313600;SUDESTE;MG
313610;SUDESTE;MG
313620;SUDESTE;MG
313630;SUDESTE;MG
313640;SUDESTE;MG
313650;SUDESTE;MG
313652;SUDESTE;MG
313655;SUDESTE;MG
313657;SUDESTE;MG
313660;SUDESTE;MG
313665;SUDESTE;MG
313670;SUDESTE;MG
313680;SUDESTE;MG
313690;SUDESTE;MG
313695;SUDESTE;MG
313700;SUDESTE;MG
313710;SUDESTE;MG
313720;SUDESTE;MG
313730;SUDESTE;MG
313740;SUDESTE;MG
313750;SUDESTE;MG
313753;SUDESTE;MG
313760;SUDESTE;MG
313770;SUDESTE;MG
313780;SUDESTE;MG
313790;SUDESTE;MG
313800;SUDESTE;MG
313810;SUDESTE;MG
313820;SUDESTE;MG
313830;SUDESTE;MG
313835;SUDESTE;MG
313840;SUDESTE;MG
313850;SUDESTE;MG
313860;SUDESTE;MG
313862;SUDESTE;MG
313865;SUDESTE;MG
313867;SUDESTE;MG
313868;SUDESTE;MG
313870;SUDESTE;MG
313880;SUDESTE;MG
313890;SUDESTE;MG
313900;SUDESTE;MG
313910;SUDESTE;MG
313920;SUDESTE;MG
313925;SUDESTE;MG
313930;SUDESTE;MG
313940;SUDESTE;MG
313950;SUDESTE;MG
313960;SUDESTE;MG
313970;SUDESTE;MG
313980;SUDESTE;MG
313990;SUDESTE;MG
314000;SUDESTE;MG
314010;SUDESTE;MG
314015;SUDESTE;MG
314020;SUDESTE;MG
314030;SUDESTE;MG
314040;SUDESTE;MG
314050;SUDESTE;MG
314053;SUDESTE;MG
314055;SUDESTE;MG
314060;SUDESTE;MG
314070;SUDESTE;MG
314080;SUDESTE;MG
314085;SUDESTE;MG
314090;SUDESTE;MG
314100;SUDESTE;MG
314110;SUDESTE;MG
314120;SUDESTE;MG
314130;SUDESTE;MG
314140;SUDESTE;MG
314150;SUDESTE;MG
314160;SUDESTE;MG
314170;SUDESTE;MG
314180;SUDESTE;MG
314190;SUDESTE;MG
314200;SUDESTE;MG
314210;SUDESTE;MG
314220;SUDESTE;MG
314225;SUDESTE;MG
314230;SUDESTE;MG
314240;SUDESTE;MG
314250;SUDESTE;MG
314260;SUDESTE;MG
314270;SUDESTE;MG
314280;SUDESTE;MG
314290;SUDESTE;MG
314300;SUDESTE;MG
314310;SUDESTE;MG
314315;SUDESTE;MG
314320;SUDESTE;MG
314330;SUDESTE;MG
314340;SUDESTE;MG
314345;SUDESTE;MG
314350;SUDESTE;MG
314360;SUDESTE;MG
314370;SUDESTE;MG
314380;SUDESTE;MG
314390;SUDESTE;MG
314400;SUDESTE;MG
314410;SUDESTE;MG
314420;SUDESTE;MG
314430;SUDESTE;MG
314435;SUDESTE;MG
314437;SUDESTE;MG
314440;SUDESTE;MG
314450;SUDESTE;MG
314460;SUDESTE;MG
314465;SUDESTE;MG
314467;SUDESTE;MG
314470;SUDESTE;MG
314480;SUDESTE;MG
314490;SUDESTE;MG
314500;SUDESTE;MG
314505;SUDESTE;MG
314510;SUDESTE;MG
314520;SUDESTE;MG
314530;SUDESTE;MG
314535;SUDESTE;MG
314537;SUDESTE;MG
314540;SUDESTE;MG
314545;SUDESTE;MG
314550;SUDESTE;MG
314560;SUDESTE;MG
314570;SUDESTE;MG
314580;SUDESTE;MG
314585;SUDESTE;MG
314587;SUDESTE;MG
314590;SUDESTE;MG
314600;SUDESTE;MG
314610;SUDESTE;MG
314620;SUDESTE;MG
314625;SUDESTE;MG
314630;SUDESTE;MG
314640;SUDESTE;MG
314650;SUDESTE;MG
314655;SUDESTE;MG
314660;SUDESTE;MG
314670;SUDESTE;MG
314675;SUDESTE;MG
314690;SUDESTE;MG
314700;SUDESTE;MG
314710;SUDESTE;MG
314720;SUDESTE;MG
314730;SUDESTE;MG
314740;SUDESTE;MG
314750;SUDESTE;MG
314760;SUDESTE;MG
314770;SUDESTE;MG
314780;SUDESTE;MG
314790;SUDESTE;MG
314795;SUDESTE;MG
314800;SUDESTE;MG
314810;SUDESTE;MG
314820;SUDESTE;MG
314830;SUDESTE;MG
314840;SUDESTE;MG
314850;SUDESTE;MG
314860;SUDESTE;MG
314870;SUDESTE;MG
314875;SUDESTE;MG
314880;SUDESTE;MG
314890;SUDESTE;MG
314900;SUDESTE;MG
314910;SUDESTE;MG
314915;SUDESTE;MG
314920;SUDESTE;MG
314930;SUDESTE;MG
314940;SUDESTE;MG
314950;SUDESTE;MG
314960;SUDESTE;MG
314970;SUDESTE;MG
314980;SUDESTE;MG
314990;SUDESTE;MG
314995;SUDESTE;MG
315000;SUDESTE;MG
315010;SUDESTE;MG
315015;SUDESTE;MG
315020;SUDESTE;MG
315030;SUDESTE;MG
315040;SUDESTE;MG
315050;SUDESTE;MG
315053;SUDESTE;MG
315057;SUDESTE;MG
315060;SUDESTE;MG
315070;SUDESTE;MG
315080;SUDESTE;MG
315090;SUDESTE;MG
315100;SUDESTE;MG
315110;SUDESTE;MG
315120;SUDESTE;MG
315130;SUDESTE;MG
315140;SUDESTE;MG
315150;SUDESTE;MG
315160;SUDESTE;MG
315170;SUDESTE;MG
315180;SUDESTE;MG
315190;SUDESTE;MG
315200;SUDESTE;MG
315210;SUDESTE;MG
315213;SUDESTE;MG
315217;SUDESTE;MG
315220;SUDESTE;MG
315230;SUDESTE;MG
315240;SUDESTE;MG
315250;SUDESTE;MG
315260;SUDESTE;MG
315270;SUDESTE;MG
315280;SUDESTE;MG
315290;SUDESTE;MG
315300;SUDESTE;MG
315310;SUDESTE;MG
315320;SUDESTE;MG
315330;SUDESTE;MG
315340;SUDESTE;MG
315350;SUDESTE;MG
315360;SUDESTE;MG
315370;SUDESTE;MG
315380;SUDESTE;MG
315390;SUDESTE;MG
315400;SUDESTE;MG
315410;SUDESTE;MG
315415;SUDESTE;MG
315420;SUDESTE;MG
315430;SUDESTE;MG
315440;SUDESTE;MG
315445;SUDESTE;MG
315450;SUDESTE;MG
315460;SUDESTE;MG
315470;SUDESTE;MG
315480;SUDESTE;MG
315490;SUDESTE;MG
315500;SUDESTE;MG
315510;SUDESTE;MG
315520;SUDESTE;MG
315530;SUDESTE;MG
315540;SUDESTE;MG
315550;SUDESTE;MG
315560;SUDESTE;MG
315570;SUDESTE;MG
315580;SUDESTE;MG
315590;SUDESTE;MG
315600;SUDESTE;MG
315610;SUDESTE;MG
315620;SUDESTE;MG
315630;SUDESTE;MG
315640;SUDESTE;MG
315645;SUDESTE;MG
315650;SUDESTE;MG
315660;SUDESTE;MG
315670;SUDESTE;MG
315680;SUDESTE;MG
315690;SUDESTE;MG
315700;SUDESTE;MG
315710;SUDESTE;MG
315720;SUDESTE;MG
315725;SUDESTE;MG
315727;SUDESTE;MG
315730;SUDESTE;MG
315733;SUDESTE;MG
315737;SUDESTE;MG
315740;SUDESTE;MG
315750;SUDESTE;MG
315760;SUDESTE;MG
315765;SUDESTE;MG
315770;SUDESTE;MG
315780;SUDESTE;MG
315790;SUDESTE;MG
315800;SUDESTE;MG
315810;SUDESTE;MG
315820;SUDESTE;MG
315830;SUDESTE;MG
315840;SUDESTE;MG
315850;SUDESTE;MG
315860;SUDESTE;MG
315870;SUDESTE;MG
315880;SUDESTE;MG
315890;SUDESTE;MG
315895;SUDESTE;MG
315900;SUDESTE;MG
315910;SUDESTE;MG
315920;SUDESTE;MG
315930;SUDESTE;MG
315935;SUDESTE;MG
315940;SUDESTE;MG
315950;SUDESTE;MG
315960;SUDESTE;MG
315970;SUDESTE;MG
315980;SUDESTE;MG
315990;SUDESTE;MG
316000;SUDESTE;MG
316010;SUDESTE;MG
316020;SUDESTE;MG
316030;SUDESTE;MG
316040;SUDESTE;MG
316045;SUDESTE;MG
316050;SUDESTE;MG
316060;SUDESTE;MG
316070;SUDESTE;MG
316080;SUDESTE;MG
316090;SUDESTE;MG
316095;SUDESTE;MG
316100;SUDESTE;MG
316105;SUDESTE;MG
316110;SUDESTE;MG
316120;SUDESTE;MG
316130;SUDESTE;MG
316140;SUDESTE;MG
316150;SUDESTE;MG
316160;SUDESTE;MG
316165;SUDESTE;MG
316170;SUDESTE;MG
316180;SUDESTE;MG
316190;SUDESTE;MG
316200;SUDESTE;MG
316210;SUDESTE;MG
316220;SUDESTE;MG
316225;SUDESTE;MG
316230;SUDESTE;MG
316240;SUDESTE;MG
316245;SUDESTE;MG
316250;SUDESTE;MG
316255;SUDESTE;MG
316257;SUDESTE;MG
316260;SUDESTE;MG
316265;SUDESTE;MG
316270;SUDESTE;MG
316280;SUDESTE;MG
316290;SUDESTE;MG
316292;SUDESTE;MG
316294;SUDESTE;MG
316295;SUDESTE;MG
316300;SUDESTE;MG
316310;SUDESTE;MG
316320;SUDESTE;MG
316330;SUDESTE;MG
316340;SUDESTE;MG
316350;SUDESTE;MG
316360;SUDESTE;MG
316370;SUDESTE;MG
316380;SUDESTE;MG
316390;SUDESTE;MG
316400;SUDESTE;MG
316410;SUDESTE;MG
316420;SUDESTE;MG
316430;SUDESTE;MG
316440;SUDESTE;MG
316443;SUDESTE;MG
316447;SUDESTE;MG
316450;SUDESTE;MG
316460;SUDESTE;MG
316470;SUDESTE;MG
316480;SUDESTE;MG
316490;SUDESTE;MG
316500;SUDESTE;MG
316510;SUDESTE;MG
316520;SUDESTE;MG
316530;SUDESTE;MG
316540;SUDESTE;MG
316550;SUDESTE;MG
316553;SUDESTE;MG
316555;SUDESTE;MG
316556;SUDESTE;MG
316557;SUDESTE;MG
316560;SUDESTE;MG
316570;SUDESTE;MG
316580;SUDESTE;MG
316590;SUDESTE;MG
316600;SUDESTE;MG
316610;SUDESTE;MG
316620;SUDESTE;MG
316630;SUDESTE;MG
316640;SUDESTE;MG
316650;SUDESTE;MG
316660;SUDESTE;MG
316670;SUDESTE;MG
316680;SUDESTE;MG
316690;SUDESTE;MG
316695;SUDESTE;MG
316700;SUDESTE;MG
316710;SUDESTE;MG
316720;SUDESTE;MG
316730;SUDESTE;MG
316740;SUDESTE;MG
316750;SUDESTE;MG
316760;SUDESTE;MG
316770;SUDESTE;MG
316780;SUDESTE;MG
316790;SUDESTE;MG
316800;SUDESTE;MG
316805;SUDESTE;MG
316810;SUDESTE;MG
316820;SUDESTE;MG
316830;SUDESTE;MG
316840;SUDESTE;MG
316850;SUDESTE;MG
316860;SUDESTE;MG
316870;SUDESTE;MG
316880;SUDESTE;MG
316890;SUDESTE;MG
316900;SUDESTE;MG
316905;SUDESTE;MG
316910;SUDESTE;MG
316920;SUDESTE;MG
316930;SUDESTE;MG
316935;SUDESTE;MG
316940;SUDESTE;MG
316950;SUDESTE;MG
316960;SUDESTE;MG
316970;SUDESTE;MG
316980;SUDESTE;MG
316990;SUDESTE;MG
317000;SUDESTE;MG
317005;SUDESTE;MG
317010;SUDESTE;MG
317020;SUDESTE;MG
317030;SUDESTE;MG
317040;SUDESTE;MG
317043;SUDESTE;MG
317047;SUDESTE;MG
317050;SUDESTE;MG
317052;SUDESTE;MG
317057;SUDESTE;MG
317060;SUDESTE;MG
317065;SUDESTE;MG
317070;SUDESTE;MG
317075;SUDESTE;MG
317080;SUDESTE;MG
317090;SUDESTE;MG
317100;SUDESTE;MG
317103;SUDESTE;MG
317107;SUDESTE;MG
317110;SUDESTE;MG
317115;SUDESTE;MG
317120;SUDESTE;MG
317130;SUDESTE;MG
317140;SUDESTE;MG
317150;SUDESTE;MG
317160;SUDESTE;MG
317170;SUDESTE;MG
317180;SUDESTE;MG
317190;SUDESTE;MG
317200;SUDESTE;MG
317210;SUDESTE;MG
317220;SUDESTE;MG
319999;SUDESTE;MG
320010;SUDESTE;ES
320013;SUDESTE;ES
320016;SUDESTE;ES
320020;SUDESTE;ES
320030;SUDESTE;ES
320035;SUDESTE;ES
320040;SUDESTE;ES
320050;SUDESTE;ES
320060;SUDESTE;ES
320070;SUDESTE;ES
320080;SUDESTE;ES
320090;SUDESTE;ES
320100;SUDESTE;ES
320110;SUDESTE;ES
320115;SUDESTE;ES
320120;SUDESTE;ES
320130;SUDESTE;ES
320140;SUDESTE;ES
320150;SUDESTE;ES
320160;SUDESTE;ES
320170;SUDESTE;ES
320180;SUDESTE;ES
320190;SUDESTE;ES
320200;SUDESTE;ES
320210;SUDESTE;ES
320220;SUDESTE;ES
320225;SUDESTE;ES
320230;SUDESTE;ES
320240;SUDESTE;ES
320245;SUDESTE;ES
320250;SUDESTE;ES
320255;SUDESTE;ES
320260;SUDESTE;ES
320265;SUDESTE;ES
320270;SUDESTE;ES
320280;SUDESTE;ES
320290;SUDESTE;ES
320300;SUDESTE;ES
320305;SUDESTE;ES
320310;SUDESTE;ES
320313;SUDESTE;ES
320316;SUDESTE;ES
320320;SUDESTE;ES
320330;SUDESTE;ES
320332;SUDESTE;ES
320334;SUDESTE;ES
320335;SUDESTE;ES
320340;SUDESTE;ES
320350;SUDESTE;ES
320360;SUDESTE;ES
320370;SUDESTE;ES
320380;SUDESTE;ES
320390;SUDESTE;ES
320400;SUDESTE;ES
320405;SUDESTE;ES
320410;SUDESTE;ES
320420;SUDESTE;ES
320425;SUDESTE;ES
320430;SUDESTE;ES
320435;SUDESTE;ES
320440;SUDESTE;ES
320450;SUDESTE;ES
320455;SUDESTE;ES
320460;SUDESTE;ES
320465;SUDESTE;ES
320470;SUDESTE;ES
320480;SUDESTE;ES
320490;SUDESTE;ES
320495;SUDESTE;ES
320500;SUDESTE;ES
320501;SUDESTE;ES
320503;SUDESTE;ES
320506;SUDESTE;ES
320510;SUDESTE;ES
320515;SUDESTE;ES
320517;SUDESTE;ES
320520;SUDESTE;ES
320530;SUDESTE;ES
329999;SUDESTE;ES
330010;SUDESTE;RJ
330015;SUDESTE;RJ
330020;SUDESTE;RJ
330022;SUDESTE;RJ
330023;SUDESTE;RJ
330025;SUDESTE;RJ
330030;SUDESTE;RJ
330040;SUDESTE;RJ
330045;SUDESTE;RJ
330050;SUDESTE;RJ
330060;SUDESTE;RJ
330070;SUDESTE;RJ
330080;SUDESTE;RJ
330090;SUDESTE;RJ
330093;SUDESTE;RJ
330095;SUDESTE;RJ
330100;SUDESTE;RJ
330110;SUDESTE;RJ
330115;SUDESTE;RJ
330120;SUDESTE;RJ
330130;SUDESTE;RJ
330140;SUDESTE;RJ
330150;SUDESTE;RJ
330160;SUDESTE;RJ
330170;SUDESTE;RJ
330180;SUDESTE;RJ
330185;SUDESTE;RJ
330187;SUDESTE;RJ
330190;SUDESTE;RJ
330200;SUDESTE;RJ
330205;SUDESTE;RJ
330210;SUDESTE;RJ
330220;SUDESTE;RJ
330225;SUDESTE;RJ
330227;SUDESTE;RJ
330230;SUDESTE;RJ
330240;SUDESTE;RJ
330245;SUDESTE;RJ
330250;SUDESTE;RJ
330260;SUDESTE;RJ
330270;SUDESTE;RJ
330280;SUDESTE;RJ
330285;SUDESTE;RJ
330290;SUDESTE;RJ
330300;SUDESTE;RJ
330310;SUDESTE;RJ
330320;SUDESTE;RJ
330330;SUDESTE;RJ
330340;SUDESTE;RJ
330350;SUDESTE;RJ
330360;SUDESTE;RJ
330370;SUDESTE;RJ
330380;SUDESTE;RJ
330385;SUDESTE;RJ
330390;SUDESTE;RJ
330395;SUDESTE;RJ
330400;SUDESTE;RJ
330410;SUDESTE;RJ
330411;SUDESTE;RJ
330412;SUDESTE;RJ
330414;SUDESTE;RJ
330415;SUDESTE;RJ
330420;SUDESTE;RJ
330430;SUDESTE;RJ
330440;SUDESTE;RJ
330450;SUDESTE;RJ
330452;SUDESTE;RJ
330455;SUDESTE;RJ
330460;SUDESTE;RJ
330470;SUDESTE;RJ
330475;SUDESTE;RJ
330480;SUDESTE;RJ
330490;SUDESTE;RJ
330500;SUDESTE;RJ
330510;SUDESTE;RJ
330513;SUDESTE;RJ
330515;SUDESTE;RJ
330520;SUDESTE;RJ
330530;SUDESTE;RJ
330540;SUDESTE;RJ
330550;SUDESTE;RJ
330555;SUDESTE;RJ
330560;SUDESTE;RJ
330570;SUDESTE;RJ
330575;SUDESTE;RJ
330580;SUDESTE;RJ
330590;SUDESTE;RJ
330600;SUDESTE;RJ
330610;SUDESTE;RJ
330615;SUDESTE;RJ
330620;SUDESTE;RJ
330630;SUDESTE;RJ
339999;SUDESTE;RJ
350010;SUDESTE;SP
350020;SUDESTE;SP
350030;SUDESTE;SP
350040;SUDESTE;SP
350050;SUDESTE;SP
350055;SUDESTE;SP
350060;SUDESTE;SP
350070;SUDESTE;SP
350075;SUDESTE;SP
350080;SUDESTE;SP
350090;SUDESTE;SP
350100;SUDESTE;SP
350110;SUDESTE;SP
350115;SUDESTE;SP
350120;SUDESTE;SP
350130;SUDESTE;SP
350140;SUDESTE;SP
350150;SUDESTE;SP
350160;SUDESTE;SP
350170;SUDESTE;SP
350180;SUDESTE;SP
350190;SUDESTE;SP
350200;SUDESTE;SP
350210;SUDESTE;SP
350220;SUDESTE;SP
350230;SUDESTE;SP
350240;SUDESTE;SP
350250;SUDESTE;SP
350260;SUDESTE;SP
350270;SUDESTE;SP
350275;SUDESTE;SP
350280;SUDESTE;SP
350290;SUDESTE;SP
350300;SUDESTE;SP
350310;SUDESTE;SP
350315;SUDESTE;SP
350320;SUDESTE;SP
350330;SUDESTE;SP
350335;SUDESTE;SP
350340;SUDESTE;SP
350350;SUDESTE;SP
350360;SUDESTE;SP
350370;SUDESTE;SP
350380;SUDESTE;SP
350390;SUDESTE;SP
350395;SUDESTE;SP
350400;SUDESTE;SP
350410;SUDESTE;SP
350420;SUDESTE;SP
350430;SUDESTE;SP
350440;SUDESTE;SP
350450;SUDESTE;SP
350460;SUDESTE;SP
350470;SUDESTE;SP
350480;SUDESTE;SP
350490;SUDESTE;SP
350500;SUDESTE;SP
350510;SUDESTE;SP
350520;SUDESTE;SP
350530;SUDESTE;SP
350535;SUDESTE;SP
350540;SUDESTE;SP
350550;SUDESTE;SP
350560;SUDESTE;SP
350570;SUDESTE;SP
350580;SUDESTE;SP
350590;SUDESTE;SP
350600;SUDESTE;SP
350610;SUDESTE;SP
350620;SUDESTE;SP
350630;SUDESTE;SP
350635;SUDESTE;SP
350640;SUDESTE;SP
350650;SUDESTE;SP
350660;SUDESTE;SP
350670;SUDESTE;SP
350680;SUDESTE;SP
350690;SUDESTE;SP
350700;SUDESTE;SP
350710;SUDESTE;SP
350715;SUDESTE;SP
350720;SUDESTE;SP
350730;SUDESTE;SP
350740;SUDESTE;SP
350745;SUDESTE;SP
350750;SUDESTE;SP
350760;SUDESTE;SP
350770;SUDESTE;SP
350775;SUDESTE;SP
350780;SUDESTE;SP
350790;SUDESTE;SP
350800;SUDESTE;SP
350810;SUDESTE;SP
350820;SUDESTE;SP
350830;SUDESTE;SP
350840;SUDESTE;SP
350850;SUDESTE;SP
350860;SUDESTE;SP
350870;SUDESTE;SP
350880;SUDESTE;SP
350890;SUDESTE;SP
350900;SUDESTE;SP
350910;SUDESTE;SP
350920;SUDESTE;SP
350925;SUDESTE;SP
350930;SUDESTE;SP
350940;SUDESTE;SP
350945;SUDESTE;SP
350950;SUDESTE;SP
350960;SUDESTE;SP
350970;SUDESTE;SP
350980;SUDESTE;SP
350990;SUDESTE;SP
350995;SUDESTE;SP
351000;SUDESTE;SP
351010;SUDESTE;SP
351015;SUDESTE;SP
351020;SUDESTE;SP
351030;SUDESTE;SP
351040;SUDESTE;SP
351050;SUDESTE;SP
351060;SUDESTE;SP
351070;SUDESTE;SP
351080;SUDESTE;SP
351090;SUDESTE;SP
351100;SUDESTE;SP
351110;SUDESTE;SP
351120;SUDESTE;SP
351130;SUDESTE;SP
351140;SUDESTE;SP
351150;SUDESTE;SP
351160;SUDESTE;SP
351170;SUDESTE;SP
351190;SUDESTE;SP
351200;SUDESTE;SP
351210;SUDESTE;SP
351220;SUDESTE;SP
351230;SUDESTE;SP
351240;SUDESTE;SP
351250;SUDESTE;SP
351260;SUDESTE;SP
351270;SUDESTE;SP
351280;SUDESTE;SP
351290;SUDESTE;SP
351300;SUDESTE;SP
351310;SUDESTE;SP
351320;SUDESTE;SP
351330;SUDESTE;SP
351340;SUDESTE;SP
351350;SUDESTE;SP
351360;SUDESTE;SP
351370;SUDESTE;SP
351380;SUDESTE;SP
351385;SUDESTE;SP
351390;SUDESTE;SP
351400;SUDESTE;SP
351410;SUDESTE;SP
351420;SUDESTE;SP
351430;SUDESTE;SP
351440;SUDESTE;SP
351450;SUDESTE;SP
351460;SUDESTE;SP
351470;SUDESTE;SP
351480;SUDESTE;SP
351490;SUDESTE;SP
351492;SUDESTE;SP
351495;SUDESTE;SP
351500;SUDESTE;SP
351510;SUDESTE;SP
351512;SUDESTE;SP
351515;SUDESTE;SP
351518;SUDESTE;SP
351519;SUDESTE;SP
351520;SUDESTE;SP
351530;SUDESTE;SP
351535;SUDESTE;SP
351540;SUDESTE;SP
351550;SUDESTE;SP
351560;SUDESTE;SP
351565;SUDESTE;SP
351570;SUDESTE;SP
351580;SUDESTE;SP
351590;SUDESTE;SP
351600;SUDESTE;SP
351610;SUDESTE;SP
351620;SUDESTE;SP
351630;SUDESTE;SP
351640;SUDESTE;SP
351650;SUDESTE;SP
351660;SUDESTE;SP
351670;SUDESTE;SP
351680;SUDESTE;SP
351685;SUDESTE;SP
351690;SUDESTE;SP
351700;SUDESTE;SP
351710;SUDESTE;SP
351720;SUDESTE;SP
351730;SUDESTE;SP
351740;SUDESTE;SP
351750;SUDESTE;SP
351760;SUDESTE;SP
351770;SUDESTE;SP
351780;SUDESTE;SP
351790;SUDESTE;SP
351800;SUDESTE;SP
351810;SUDESTE;SP
351820;SUDESTE;SP
351830;SUDESTE;SP
351840;SUDESTE;SP
351850;SUDESTE;SP
351860;SUDESTE;SP
351870;SUDESTE;SP
351880;SUDESTE;SP
351885;SUDESTE;SP
351890;SUDESTE;SP
351900;SUDESTE;SP
351905;SUDESTE;SP
351907;SUDESTE;SP
351910;SUDESTE;SP
351920;SUDESTE;SP
351925;SUDESTE;SP
351930;SUDESTE;SP
351940;SUDESTE;SP
351950;SUDESTE;SP
351960;SUDESTE;SP
351970;SUDESTE;SP
351980;SUDESTE;SP
351990;SUDESTE;SP
352000;SUDESTE;SP
352010;SUDESTE;SP
352020;SUDESTE;SP
352030;SUDESTE;SP
352040;SUDESTE;SP
352042;SUDESTE;SP
352044;SUDESTE;SP
352050;SUDESTE;SP
352060;SUDESTE;SP
352070;SUDESTE;SP
352080;SUDESTE;SP
352090;SUDESTE;SP
352100;SUDESTE;SP
352110;SUDESTE;SP
352115;SUDESTE;SP
352120;SUDESTE;SP
352130;SUDESTE;SP
352140;SUDESTE;SP
352150;SUDESTE;SP
352160;SUDESTE;SP
352170;SUDESTE;SP
352180;SUDESTE;SP
352190;SUDESTE;SP
352200;SUDESTE;SP
352210;SUDESTE;SP
352215;SUDESTE;SP
352220;SUDESTE;SP
352230;SUDESTE;SP
352240;SUDESTE;SP
352250;SUDESTE;SP
352260;SUDESTE;SP
352265;SUDESTE;SP
352270;SUDESTE;SP
352280;SUDESTE;SP
352290;SUDESTE;SP
352300;SUDESTE;SP
352310;SUDESTE;SP
352320;SUDESTE;SP
352330;SUDESTE;SP
352340;SUDESTE;SP
352350;SUDESTE;SP
352360;SUDESTE;SP
352370;SUDESTE;SP
352380;SUDESTE;SP
352390;SUDESTE;SP
352400;SUDESTE;SP
352410;SUDESTE;SP
352420;SUDESTE;SP
352430;SUDESTE;SP
352440;SUDESTE;SP
352450;SUDESTE;SP
352460;SUDESTE;SP
352470;SUDESTE;SP
352480;SUDESTE;SP
352490;SUDESTE;SP
352500;SUDESTE;SP
352510;SUDESTE;SP
352520;SUDESTE;SP
352530;SUDESTE;SP
352540;SUDESTE;SP
352550;SUDESTE;SP
352560;SUDESTE;SP
352570;SUDESTE;SP
352580;SUDESTE;SP
352585;SUDESTE;SP
352590;SUDESTE;SP
352600;SUDESTE;SP
352610;SUDESTE;SP
352620;SUDESTE;SP
352630;SUDESTE;SP
352640;SUDESTE;SP
352650;SUDESTE;SP
352660;SUDESTE;SP
352670;SUDESTE;SP
352680;SUDESTE;SP
352690;SUDESTE;SP
352700;SUDESTE;SP
352710;SUDESTE;SP
352720;SUDESTE;SP
352725;SUDESTE;SP
352730;SUDESTE;SP
352740;SUDESTE;SP
352750;SUDESTE;SP
352760;SUDESTE;SP
352770;SUDESTE;SP
352780;SUDESTE;SP
352790;SUDESTE;SP
352800;SUDESTE;SP
352810;SUDESTE;SP
352820;SUDESTE;SP
352830;SUDESTE;SP
352840;SUDESTE;SP
352850;SUDESTE;SP
352860;SUDESTE;SP
352870;SUDESTE;SP
352880;SUDESTE;SP
352885;SUDESTE;SP
352890;SUDESTE;SP
352900;SUDESTE;SP
352910;SUDESTE;SP
352920;SUDESTE;SP
352930;SUDESTE;SP
352940;SUDESTE;SP
352950;SUDESTE;SP
352960;SUDESTE;SP
352965;SUDESTE;SP
352970;SUDESTE;SP
352980;SUDESTE;SP
352990;SUDESTE;SP
353000;SUDESTE;SP
353010;SUDESTE;SP
353020;SUDESTE;SP
353030;SUDESTE;SP
353040;SUDESTE;SP
353050;SUDESTE;SP
353060;SUDESTE;SP
353070;SUDESTE;SP
353080;SUDESTE;SP
353090;SUDESTE;SP
353100;SUDESTE;SP
353110;SUDESTE;SP
353120;SUDESTE;SP
353130;SUDESTE;SP
353140;SUDESTE;SP
353150;SUDESTE;SP
353160;SUDESTE;SP
353170;SUDESTE;SP
353180;SUDESTE;SP
353190;SUDESTE;SP
353200;SUDESTE;SP
353205;SUDESTE;SP
353210;SUDESTE;SP
353215;SUDESTE;SP
353220;SUDESTE;SP
353230;SUDESTE;SP
353240;SUDESTE;SP
353250;SUDESTE;SP
353260;SUDESTE;SP
353270;SUDESTE;SP
353280;SUDESTE;SP
353282;SUDESTE;SP
353284;SUDESTE;SP
353286;SUDESTE;SP
353290;SUDESTE;SP
353300;SUDESTE;SP
353310;SUDESTE;SP
353320;SUDESTE;SP
353325;SUDESTE;SP
353330;SUDESTE;SP
353340;SUDESTE;SP
353350;SUDESTE;SP
353360;SUDESTE;SP
353370;SUDESTE;SP
353380;SUDESTE;SP
353390;SUDESTE;SP
353400;SUDESTE;SP
353410;SUDESTE;SP
353420;SUDESTE;SP
353430;SUDESTE;SP
353440;SUDESTE;SP
353450;SUDESTE;SP
353460;SUDESTE;SP
353470;SUDESTE;SP
353475;SUDESTE;SP
353480;SUDESTE;SP
353490;SUDESTE;SP
353500;SUDESTE;SP
353510;SUDESTE;SP
353520;SUDESTE;SP
353530;SUDESTE;SP
353540;SUDESTE;SP
353550;SUDESTE;SP
353560;SUDESTE;SP
353570;SUDESTE;SP
353580;SUDESTE;SP
353590;SUDESTE;SP
353600;SUDESTE;SP
353610;SUDESTE;SP
353620;SUDESTE;SP
353625;SUDESTE;SP
353630;SUDESTE;SP
353640;SUDESTE;SP
353650;SUDESTE;SP
353657;SUDESTE;SP
353660;SUDESTE;SP
353670;SUDESTE;SP
353680;SUDESTE;SP
353690;SUDESTE;SP
353700;SUDESTE;SP
353710;SUDESTE;SP
353715;SUDESTE;SP
353720;SUDESTE;SP
353730;SUDESTE;SP
353740;SUDESTE;SP
353750;SUDESTE;SP
353760;SUDESTE;SP
353770;SUDESTE;SP
353780;SUDESTE;SP
353790;SUDESTE;SP
353800;SUDESTE;SP
353810;SUDESTE;SP
353820;SUDESTE;SP
353830;SUDESTE;SP
353850;SUDESTE;SP
353860;SUDESTE;SP
353870;SUDESTE;SP
353880;SUDESTE;SP
353890;SUDESTE;SP
353900;SUDESTE;SP
353910;SUDESTE;SP
353920;SUDESTE;SP
353930;SUDESTE;SP
353940;SUDESTE;SP
353950;SUDESTE;SP
353960;SUDESTE;SP
353970;SUDESTE;SP
353980;SUDESTE;SP
353990;SUDESTE;SP
354000;SUDESTE;SP
354010;SUDESTE;SP
354020;SUDESTE;SP
354025;SUDESTE;SP
354030;SUDESTE;SP
354040;SUDESTE;SP
354050;SUDESTE;SP
354060;SUDESTE;SP
354070;SUDESTE;SP
354075;SUDESTE;SP
354080;SUDESTE;SP
354085;SUDESTE;SP
354090;SUDESTE;SP
354100;SUDESTE;SP
354105;SUDESTE;SP
354110;SUDESTE;SP
354120;SUDESTE;SP
354130;SUDESTE;SP
354140;SUDESTE;SP
354150;SUDESTE;SP
354160;SUDESTE;SP
354165;SUDESTE;SP
354170;SUDESTE;SP
354180;SUDESTE;SP
354190;SUDESTE;SP
354200;SUDESTE;SP
354210;SUDESTE;SP
354220;SUDESTE;SP
354230;SUDESTE;SP
354240;SUDESTE;SP
354250;SUDESTE;SP
354260;SUDESTE;SP
354270;SUDESTE;SP
354280;SUDESTE;SP
354290;SUDESTE;SP
354300;SUDESTE;SP
354310;SUDESTE;SP
354320;SUDESTE;SP
354323;SUDESTE;SP
354325;SUDESTE;SP
354330;SUDESTE;SP
354340;SUDESTE;SP
354350;SUDESTE;SP
354360;SUDESTE;SP
354370;SUDESTE;SP
354380;SUDESTE;SP
354390;SUDESTE;SP
354400;SUDESTE;SP
354410;SUDESTE;SP
354420;SUDESTE;SP
354425;SUDESTE;SP
354430;SUDESTE;SP
354440;SUDESTE;SP
354450;SUDESTE;SP
354460;SUDESTE;SP
354470;SUDESTE;SP
354480;SUDESTE;SP
354490;SUDESTE;SP
354500;SUDESTE;SP
354510;SUDESTE;SP
354515;SUDESTE;SP
354520;SUDESTE;SP
354530;SUDESTE;SP
354540;SUDESTE;SP
354550;SUDESTE;SP
354560;SUDESTE;SP
354570;SUDESTE;SP
354580;SUDESTE;SP
354600;SUDESTE;SP
354610;SUDESTE;SP
354620;SUDESTE;SP
354625;SUDESTE;SP
354630;SUDESTE;SP
354640;SUDESTE;SP
354650;SUDESTE;SP
354660;SUDESTE;SP
354670;SUDESTE;SP
354680;SUDESTE;SP
354690;SUDESTE;SP
354700;SUDESTE;SP
354710;SUDESTE;SP
354720;SUDESTE;SP
354730;SUDESTE;SP
354740;SUDESTE;SP
354750;SUDESTE;SP
354760;SUDESTE;SP
354765;SUDESTE;SP
354770;SUDESTE;SP
354780;SUDESTE;SP
354790;SUDESTE;SP
354800;SUDESTE;SP
354805;SUDESTE;SP
354810;SUDESTE;SP
354820;SUDESTE;SP
354830;SUDESTE;SP
354840;SUDESTE;SP
354850;SUDESTE;SP
354860;SUDESTE;SP
354870;SUDESTE;SP
354880;SUDESTE;SP
354890;SUDESTE;SP
354900;SUDESTE;SP
354910;SUDESTE;SP
354920;SUDESTE;SP
354925;SUDESTE;SP
354930;SUDESTE;SP
354940;SUDESTE;SP
354950;SUDESTE;SP
354960;SUDESTE;SP
354970;SUDESTE;SP
354980;SUDESTE;SP
354990;SUDESTE;SP
354995;SUDESTE;SP
355000;SUDESTE;SP
355010;SUDESTE;SP
355020;SUDESTE;SP
355030;SUDESTE;SP
355040;SUDESTE;SP
355050;SUDESTE;SP
355060;SUDESTE;SP
355070;SUDESTE;SP
355080;SUDESTE;SP
355090;SUDESTE;SP
355100;SUDESTE;SP
355110;SUDESTE;SP
355120;SUDESTE;SP
355130;SUDESTE;SP
355140;SUDESTE;SP
355150;SUDESTE;SP
355160;SUDESTE;SP
355170;SUDESTE;SP
355180;SUDESTE;SP
355190;SUDESTE;SP
355200;SUDESTE;SP
355210;SUDESTE;SP
355220;SUDESTE;SP
355230;SUDESTE;SP
355240;SUDESTE;SP
355250;SUDESTE;SP
355255;SUDESTE;SP
355260;SUDESTE;SP
355270;SUDESTE;SP
355280;SUDESTE;SP
355290;SUDESTE;SP
355300;SUDESTE;SP
355310;SUDESTE;SP
355320;SUDESTE;SP
355330;SUDESTE;SP
355340;SUDESTE;SP
355350;SUDESTE;SP
355360;SUDESTE;SP
355365;SUDESTE;SP
355370;SUDESTE;SP
355380;SUDESTE;SP
355385;SUDESTE;SP
355390;SUDESTE;SP
355395;SUDESTE;SP
355400;SUDESTE;SP
355410;SUDESTE;SP
355420;SUDESTE;SP
355430;SUDESTE;SP
355440;SUDESTE;SP
355450;SUDESTE;SP
355460;SUDESTE;SP
355465;SUDESTE;SP
355470;SUDESTE;SP
355475;SUDESTE;SP
355480;SUDESTE;SP
355490;SUDESTE;SP
355495;SUDESTE;SP
355500;SUDESTE;SP
355510;SUDESTE;SP
355520;SUDESTE;SP
355530;SUDESTE;SP
355535;SUDESTE;SP
355540;SUDESTE;SP
355550;SUDESTE;SP
355560;SUDESTE;SP
355570;SUDESTE;SP
355580;SUDESTE;SP
355590;SUDESTE;SP
355600;SUDESTE;SP
355610;SUDESTE;SP
355620;SUDESTE;SP
355630;SUDESTE;SP
355635;SUDESTE;SP
355640;SUDESTE;SP
355645;SUDESTE;SP
355650;SUDESTE;SP
355660;SUDESTE;SP
355670;SUDESTE;SP
355680;SUDESTE;SP
355690;SUDESTE;SP
355695;SUDESTE;SP
355700;SUDESTE;SP
355710;SUDESTE;SP
355715;SUDESTE;SP
355720;SUDESTE;SP
355730;SUDESTE;SP
359999;SUDESTE;SP
410010;SUL;PR
410020;SUL;PR
410030;SUL;PR
410040;SUL;PR
410045;SUL;PR
410050;SUL;PR
410060;SUL;PR
410070;SUL;PR
410080;SUL;PR
410090;SUL;PR
410100;SUL;PR
410105;SUL;PR
410110;SUL;PR
410115;SUL;PR
410120;SUL;PR
410130;SUL;PR
410140;SUL;PR
410150;SUL;PR
410160;SUL;PR
410165;SUL;PR
410170;SUL;PR
410180;SUL;PR
410185;SUL;PR
410190;SUL;PR
410200;SUL;PR
410210;SUL;PR
410220;SUL;PR
410230;SUL;PR
410240;SUL;PR
410250;SUL;PR
410260;SUL;PR
410270;SUL;PR
410275;SUL;PR
410280;SUL;PR
410290;SUL;PR
410300;SUL;PR
410302;SUL;PR
410304;SUL;PR
410305;SUL;PR
410310;SUL;PR
410315;SUL;PR
410320;SUL;PR
410322;SUL;PR
410330;SUL;PR
410335;SUL;PR
410337;SUL;PR
410340;SUL;PR
410345;SUL;PR
410347;SUL;PR
410350;SUL;PR
410360;SUL;PR
410370;SUL;PR
410380;SUL;PR
410390;SUL;PR
410395;SUL;PR
410400;SUL;PR
410405;SUL;PR
410410;SUL;PR
410420;SUL;PR
410425;SUL;PR
410430;SUL;PR
410440;SUL;PR
410442;SUL;PR
410445;SUL;PR
410450;SUL;PR
410460;SUL;PR
410465;SUL;PR
410470;SUL;PR
410480;SUL;PR
410490;SUL;PR
410500;SUL;PR
410510;SUL;PR
410520;SUL;PR
410530;SUL;PR
410540;SUL;PR
410550;SUL;PR
410560;SUL;PR
410570;SUL;PR
410580;SUL;PR
410590;SUL;PR
410600;SUL;PR
410610;SUL;PR
410620;SUL;PR
410630;SUL;PR
410640;SUL;PR
410645;SUL;PR
410650;SUL;PR
410655;SUL;PR
410657;SUL;PR
410660;SUL;PR
410670;SUL;PR
410680;SUL;PR
410685;SUL;PR
410690;SUL;PR
410700;SUL;PR
410710;SUL;PR
410712;SUL;PR
410715;SUL;PR
410720;SUL;PR
410725;SUL;PR
410730;SUL;PR
410740;SUL;PR
410750;SUL;PR
410752;SUL;PR
410753;SUL;PR
410754;SUL;PR
410755;SUL;PR
410760;SUL;PR
410765;SUL;PR
410770;SUL;PR
410773;SUL;PR
410775;SUL;PR
410780;SUL;PR
410785;SUL;PR
410790;SUL;PR
410800;SUL;PR
410810;SUL;PR
410820;SUL;PR
410830;SUL;PR
410832;SUL;PR
410840;SUL;PR
410845;SUL;PR
410850;SUL;PR
410855;SUL;PR
410860;SUL;PR
410865;SUL;PR
410870;SUL;PR
410880;SUL;PR
410890;SUL;PR
410895;SUL;PR
410900;SUL;PR
410910;SUL;PR
410920;SUL;PR
410930;SUL;PR
410940;SUL;PR
410950;SUL;PR
410960;SUL;PR
410965;SUL;PR
410970;SUL;PR
410975;SUL;PR
410980;SUL;PR
410990;SUL;PR
411000;SUL;PR
411005;SUL;PR
411007;SUL;PR
411010;SUL;PR
411020;SUL;PR
411030;SUL;PR
411040;SUL;PR
411050;SUL;PR
411060;SUL;PR
411065;SUL;PR
411070;SUL;PR
411080;SUL;PR
411090;SUL;PR
411095;SUL;PR
411100;SUL;PR
411110;SUL;PR
411120;SUL;PR
411125;SUL;PR
411130;SUL;PR
411140;SUL;PR
411150;SUL;PR
411155;SUL;PR
411160;SUL;PR
411170;SUL;PR
411180;SUL;PR
411190;SUL;PR
411200;SUL;PR
411210;SUL;PR
411220;SUL;PR
411230;SUL;PR
411240;SUL;PR
411250;SUL;PR
411260;SUL;PR
411270;SUL;PR
411275;SUL;PR
411280;SUL;PR
411290;SUL;PR
411295;SUL;PR
411300;SUL;PR
411310;SUL;PR
411320;SUL;PR
411325;SUL;PR
411330;SUL;PR
411340;SUL;PR
411342;SUL;PR
411345;SUL;PR
411350;SUL;PR
411360;SUL;PR
411370;SUL;PR
411373;SUL;PR
411375;SUL;PR
411380;SUL;PR
411390;SUL;PR
411400;SUL;PR
411410;SUL;PR
411420;SUL;PR
411430;SUL;PR
411435;SUL;PR
411440;SUL;PR
411450;SUL;PR
411460;SUL;PR
411470;SUL;PR
411480;SUL;PR
411490;SUL;PR
411500;SUL;PR
411510;SUL;PR
411520;SUL;PR
411530;SUL;PR
411535;SUL;PR
411540;SUL;PR
411545;SUL;PR
411550;SUL;PR
411560;SUL;PR
411570;SUL;PR
411573;SUL;PR
411575;SUL;PR
411580;SUL;PR
411585;SUL;PR
411590;SUL;PR
411600;SUL;PR
411605;SUL;PR
411610;SUL;PR
411620;SUL;PR
411630;SUL;PR
411640;SUL;PR
411650;SUL;PR
411660;SUL;PR
411670;SUL;PR
411680;SUL;PR
411690;SUL;PR
411695;SUL;PR
411700;SUL;PR
411705;SUL;PR
411710;SUL;PR
411720;SUL;PR
411721;SUL;PR
411722;SUL;PR
411725;SUL;PR
411727;SUL;PR
411729;SUL;PR
411730;SUL;PR
411740;SUL;PR
411745;SUL;PR
411750;SUL;PR
411760;SUL;PR
411770;SUL;PR
411780;SUL;PR
411790;SUL;PR
411800;SUL;PR
411810;SUL;PR
411820;SUL;PR
411830;SUL;PR
411840;SUL;PR
411845;SUL;PR
411850;SUL;PR
411860;SUL;PR
411870;SUL;PR
411880;SUL;PR
411885;SUL;PR
411890;SUL;PR
411900;SUL;PR
411910;SUL;PR
411915;SUL;PR
411920;SUL;PR
411925;SUL;PR
411930;SUL;PR
411940;SUL;PR
411950;SUL;PR
411960;SUL;PR
411965;SUL;PR
411970;SUL;PR
411980;SUL;PR
411990;SUL;PR
411995;SUL;PR
412000;SUL;PR
412010;SUL;PR
412015;SUL;PR
412020;SUL;PR
412030;SUL;PR
412033;SUL;PR
412035;SUL;PR
412040;SUL;PR
412050;SUL;PR
412060;SUL;PR
412065;SUL;PR
412070;SUL;PR
412080;SUL;PR
412085;SUL;PR
412090;SUL;PR
412100;SUL;PR
412110;SUL;PR
412120;SUL;PR
412125;SUL;PR
412130;SUL;PR
412135;SUL;PR
412140;SUL;PR
412150;SUL;PR
412160;SUL;PR
412170;SUL;PR
412175;SUL;PR
412180;SUL;PR
412190;SUL;PR
412200;SUL;PR
412210;SUL;PR
412215;SUL;PR
412217;SUL;PR
412220;SUL;PR
412230;SUL;PR
412240;SUL;PR
412250;SUL;PR
412260;SUL;PR
412265;SUL;PR
412270;SUL;PR
412280;SUL;PR
412290;SUL;PR
412300;SUL;PR
412310;SUL;PR
412320;SUL;PR
412330;SUL;PR
412340;SUL;PR
412350;SUL;PR
412360;SUL;PR
412370;SUL;PR
412380;SUL;PR
412382;SUL;PR
412385;SUL;PR
412390;SUL;PR
412395;SUL;PR
412400;SUL;PR
412402;SUL;PR
412405;SUL;PR
412410;SUL;PR
412420;SUL;PR
412430;SUL;PR
412440;SUL;PR
412450;SUL;PR
412460;SUL;PR
412470;SUL;PR
412480;SUL;PR
412490;SUL;PR
412500;SUL;PR
412510;SUL;PR
412520;SUL;PR
412530;SUL;PR
412535;SUL;PR
412540;SUL;PR
412545;SUL;PR
412550;SUL;PR
412555;SUL;PR
412560;SUL;PR
412570;SUL;PR
412575;SUL;PR
412580;SUL;PR
412590;SUL;PR
412600;SUL;PR
412610;SUL;PR
412620;SUL;PR
412625;SUL;PR
412627;SUL;PR
412630;SUL;PR
412635;SUL;PR
412640;SUL;PR
412650;SUL;PR
412660;SUL;PR
412665;SUL;PR
412667;SUL;PR
412670;SUL;PR
412680;SUL;PR
412690;SUL;PR
412700;SUL;PR
412710;SUL;PR
412720;SUL;PR
412730;SUL;PR
412740;SUL;PR
412750;SUL;PR
412760;SUL;PR
412770;SUL;PR
412780;SUL;PR
412785;SUL;PR
412788;SUL;PR
412790;SUL;PR
412795;SUL;PR
412796;SUL;PR
412800;SUL;PR
412810;SUL;PR
412820;SUL;PR
412830;SUL;PR
412840;SUL;PR
412850;SUL;PR
412853;SUL;PR
412855;SUL;PR
412860;SUL;PR
412862;SUL;PR
412863;SUL;PR
412865;SUL;PR
412870;SUL;PR
412880;SUL;PR
419999;SUL;PR
420005;SUL;SC
420010;SUL;SC
420020;SUL;SC
420030;SUL;SC
420040;SUL;SC
420050;SUL;SC
420055;SUL;SC
420060;SUL;SC
420070;SUL;SC
420075;SUL;SC
420080;SUL;SC
420090;SUL;SC
420100;SUL;SC
420110;SUL;SC
420120;SUL;SC
420125;SUL;SC
420127;SUL;SC
420130;SUL;SC
420140;SUL;SC
420150;SUL;SC
420160;SUL;SC
420165;SUL;SC
420170;SUL;SC
420180;SUL;SC
420190;SUL;SC
420195;SUL;SC
420200;SUL;SC
420205;SUL;SC
420207;SUL;SC
420208;SUL;SC
420209;SUL;SC
420210;SUL;SC
420213;SUL;SC
420215;SUL;SC
420220;SUL;SC
420230;SUL;SC
420240;SUL;SC
420243;SUL;SC
420245;SUL;SC
420250;SUL;SC
420253;SUL;SC
420257;SUL;SC
420260;SUL;SC
420270;SUL;SC
420280;SUL;SC
420285;SUL;SC
420287;SUL;SC
420290;SUL;SC
420300;SUL;SC
420310;SUL;SC
420315;SUL;SC
420320;SUL;SC
420325;SUL;SC
420330;SUL;SC
420340;SUL;SC
420350;SUL;SC
420360;SUL;SC
420370;SUL;SC
420380;SUL;SC
420390;SUL;SC
420395;SUL;SC
420400;SUL;SC
420410;SUL;SC
420415;SUL;SC
420417;SUL;SC
420419;SUL;SC
420420;SUL;SC
420425;SUL;SC
420430;SUL;SC
420435;SUL;SC
420440;SUL;SC
420445;SUL;SC
420450;SUL;SC
420455;SUL;SC
420460;SUL;SC
420470;SUL;SC
420475;SUL;SC
420480;SUL;SC
420490;SUL;SC
420500;SUL;SC
420510;SUL;SC
420515;SUL;SC
420517;SUL;SC
420519;SUL;SC
420520;SUL;SC
420530;SUL;SC
420535;SUL;SC
420540;SUL;SC
420543;SUL;SC
420545;SUL;SC
420550;SUL;SC
420555;SUL;SC
420560;SUL;SC
420570;SUL;SC
420580;SUL;SC
420590;SUL;SC
420600;SUL;SC
420610;SUL;SC
420620;SUL;SC
420630;SUL;SC
420640;SUL;SC
420650;SUL;SC
420660;SUL;SC
420665;SUL;SC
420670;SUL;SC
420675;SUL;SC
420680;SUL;SC
420690;SUL;SC
420700;SUL;SC
420710;SUL;SC
420720;SUL;SC
420730;SUL;SC
420740;SUL;SC
420750;SUL;SC
420757;SUL;SC
420760;SUL;SC
420765;SUL;SC
420768;SUL;SC
420770;SUL;SC
420775;SUL;SC
420780;SUL;SC
420785;SUL;SC
420790;SUL;SC
420800;SUL;SC
420810;SUL;SC
420820;SUL;SC
420830;SUL;SC
420840;SUL;SC
420845;SUL;SC
420850;SUL;SC
420860;SUL;SC
420870;SUL;SC
420880;SUL;SC
420890;SUL;SC
420895;SUL;SC
420900;SUL;SC
420910;SUL;SC
420915;SUL;SC
420917;SUL;SC
420920;SUL;SC
420930;SUL;SC
420940;SUL;SC
420945;SUL;SC
420950;SUL;SC
420960;SUL;SC
420970;SUL;SC
420980;SUL;SC
420985;SUL;SC
420990;SUL;SC
421000;SUL;SC
421003;SUL;SC
421005;SUL;SC
421010;SUL;SC
421020;SUL;SC
421030;SUL;SC
421040;SUL;SC
421050;SUL;SC
421055;SUL;SC
421060;SUL;SC
421070;SUL;SC
421080;SUL;SC
421085;SUL;SC
421090;SUL;SC
421100;SUL;SC
421105;SUL;SC
421110;SUL;SC
421120;SUL;SC
421125;SUL;SC
421130;SUL;SC
421140;SUL;SC
421145;SUL;SC
421150;SUL;SC
421160;SUL;SC
421165;SUL;SC
421170;SUL;SC
421175;SUL;SC
421180;SUL;SC
421185;SUL;SC
421187;SUL;SC
421189;SUL;SC
421190;SUL;SC
421200;SUL;SC
421205;SUL;SC
421210;SUL;SC
421220;SUL;SC
421223;SUL;SC
421225;SUL;SC
421227;SUL;SC
421230;SUL;SC
421240;SUL;SC
421250;SUL;SC
421260;SUL;SC
421265;SUL;SC
421270;SUL;SC
421280;SUL;SC
421290;SUL;SC
421300;SUL;SC
421310;SUL;SC
421315;SUL;SC
421320;SUL;SC
421330;SUL;SC
421335;SUL;SC
421340;SUL;SC
421350;SUL;SC
421360;SUL;SC
421370;SUL;SC
421380;SUL;SC
421390;SUL;SC
421400;SUL;SC
421410;SUL;SC
421415;SUL;SC
421420;SUL;SC
421430;SUL;SC
421440;SUL;SC
421450;SUL;SC
421460;SUL;SC
421470;SUL;SC
421480;SUL;SC
421490;SUL;SC
421500;SUL;SC
421505;SUL;SC
421507;SUL;SC
421510;SUL;SC
421520;SUL;SC
421530;SUL;SC
421535;SUL;SC
421540;SUL;SC
421545;SUL;SC
421550;SUL;SC
421555;SUL;SC
421560;SUL;SC
421565;SUL;SC
421567;SUL;SC
421568;SUL;SC
421569;SUL;SC
421570;SUL;SC
421575;SUL;SC
421580;SUL;SC
421590;SUL;SC
421600;SUL;SC
421605;SUL;SC
421610;SUL;SC
421620;SUL;SC
421625;SUL;SC
421630;SUL;SC
421635;SUL;SC
421640;SUL;SC
421650;SUL;SC
421660;SUL;SC
421670;SUL;SC
421680;SUL;SC
421690;SUL;SC
421700;SUL;SC
421710;SUL;SC
421715;SUL;SC
421720;SUL;SC
421725;SUL;SC
421730;SUL;SC
421740;SUL;SC
421750;SUL;SC
421755;SUL;SC
421760;SUL;SC
421770;SUL;SC
421775;SUL;SC
421780;SUL;SC
421790;SUL;SC
421795;SUL;SC
421800;SUL;SC
421810;SUL;SC
421820;SUL;SC
421825;SUL;SC
421830;SUL;SC
421835;SUL;SC
421840;SUL;SC
421850;SUL;SC
421860;SUL;SC
421870;SUL;SC
421875;SUL;SC
421880;SUL;SC
421885;SUL;SC
421890;SUL;SC
421895;SUL;SC
421900;SUL;SC
421910;SUL;SC
421915;SUL;SC
421917;SUL;SC
421920;SUL;SC
421930;SUL;SC
421935;SUL;SC
421940;SUL;SC
421950;SUL;SC
421960;SUL;SC
421970;SUL;SC
421985;SUL;SC
422000;SUL;SC
429999;SUL;SC
430003;SUL;RS
430005;SUL;RS
430010;SUL;RS
430020;SUL;RS
430030;SUL;RS
430040;SUL;RS
430045;SUL;RS
430047;SUL;RS
430050;SUL;RS
430055;SUL;RS
430057;SUL;RS
430060;SUL;RS
430063;SUL;RS
430064;SUL;RS
430066;SUL;RS
430070;SUL;RS
430080;SUL;RS
430085;SUL;RS
430087;SUL;RS
430090;SUL;RS
430100;SUL;RS
430105;SUL;RS
430107;SUL;RS
430110;SUL;RS
430120;SUL;RS
430130;SUL;RS
430140;SUL;RS
430150;SUL;RS
430155;SUL;RS
430160;SUL;RS
430163;SUL;RS
430165;SUL;RS
430170;SUL;RS
430175;SUL;RS
430180;SUL;RS
430185;SUL;RS
430187;SUL;RS
430190;SUL;RS
430192;SUL;RS
430195;SUL;RS
430200;SUL;RS
430205;SUL;RS
430210;SUL;RS
430215;SUL;RS
430220;SUL;RS
430222;SUL;RS
430223;SUL;RS
430225;SUL;RS
430230;SUL;RS
430235;SUL;RS
430237;SUL;RS
430240;SUL;RS
430245;SUL;RS
430250;SUL;RS
430258;SUL;RS
430260;SUL;RS
430265;SUL;RS
430270;SUL;RS
430280;SUL;RS
430290;SUL;RS
430300;SUL;RS
430310;SUL;RS
430320;SUL;RS
430330;SUL;RS
430340;SUL;RS
430350;SUL;RS
430355;SUL;RS
430360;SUL;RS
430367;SUL;RS
430370;SUL;RS
430380;SUL;RS
430390;SUL;RS
430400;SUL;RS
430410;SUL;RS
430420;SUL;RS
430430;SUL;RS
430435;SUL;RS
430440;SUL;RS
430450;SUL;RS
430460;SUL;RS
430461;SUL;RS
430462;SUL;RS
430463;SUL;RS
430465;SUL;RS
430466;SUL;RS
430467;SUL;RS
430468;SUL;RS
430469;SUL;RS
430470;SUL;RS
430471;SUL;RS
430480;SUL;RS
430485;SUL;RS
430490;SUL;RS
430495;SUL;RS
430500;SUL;RS
430510;SUL;RS
430511;SUL;RS
430512;SUL;RS
430513;SUL;RS
430515;SUL;RS
430517;SUL;RS
430520;SUL;RS
430530;SUL;RS
430535;SUL;RS
430537;SUL;RS
430540;SUL;RS
430543;SUL;RS
430544;SUL;RS
430545;SUL;RS
430550;SUL;RS
430558;SUL;RS
430560;SUL;RS
430570;SUL;RS
430580;SUL;RS
430583;SUL;RS
430585;SUL;RS
430587;SUL;RS
430590;SUL;RS
430593;SUL;RS
430595;SUL;RS
430597;SUL;RS
430600;SUL;RS
430605;SUL;RS
430607;SUL;RS
430610;SUL;RS
430613;SUL;RS
430620;SUL;RS
430630;SUL;RS
430632;SUL;RS
430635;SUL;RS
430637;SUL;RS
430640;SUL;RS
430642;SUL;RS
430645;SUL;RS
430650;SUL;RS
430655;SUL;RS
430660;SUL;RS
430670;SUL;RS
430673;SUL;RS
430675;SUL;RS
430676;SUL;RS
430680;SUL;RS
430690;SUL;RS
430692;SUL;RS
430693;SUL;RS
430695;SUL;RS
430697;SUL;RS
430700;SUL;RS
430705;SUL;RS
430710;SUL;RS
430720;SUL;RS
430730;SUL;RS
430740;SUL;RS
430745;SUL;RS
430750;SUL;RS
430755;SUL;RS
430760;SUL;RS
430770;SUL;RS
430780;SUL;RS
430781;SUL;RS
430783;SUL;RS
430786;SUL;RS
430790;SUL;RS
430800;SUL;RS
430805;SUL;RS
430807;SUL;RS
430810;SUL;RS
430820;SUL;RS
430825;SUL;RS
430830;SUL;RS
430840;SUL;RS
430843;SUL;RS
430845;SUL;RS
430850;SUL;RS
430860;SUL;RS
430865;SUL;RS
430870;SUL;RS
430880;SUL;RS
430885;SUL;RS
430890;SUL;RS
430900;SUL;RS
430905;SUL;RS
430910;SUL;RS
430912;SUL;RS
430915;SUL;RS
430920;SUL;RS
430925;SUL;RS
430930;SUL;RS
430940;SUL;RS
430950;SUL;RS
430955;SUL;RS
430957;SUL;RS
430960;SUL;RS
430965;SUL;RS
430970;SUL;RS
430975;SUL;RS
430980;SUL;RS
430990;SUL;RS
430995;SUL;RS
431000;SUL;RS
431010;SUL;RS
431020;SUL;RS
431030;SUL;RS
431033;SUL;RS
431036;SUL;RS
431040;SUL;RS
431041;SUL;RS
431043;SUL;RS
431046;SUL;RS
431050;SUL;RS
431053;SUL;RS
431055;SUL;RS
431057;SUL;RS
431060;SUL;RS
431065;SUL;RS
431070;SUL;RS
431075;SUL;RS
431080;SUL;RS
431085;SUL;RS
431087;SUL;RS
431090;SUL;RS
431100;SUL;RS
431110;SUL;RS
431112;SUL;RS
431113;SUL;RS
431115;SUL;RS
431120;SUL;RS
431123;SUL;RS
431125;SUL;RS
431127;SUL;RS
431130;SUL;RS
431140;SUL;RS
431142;SUL;RS
431150;SUL;RS
431160;SUL;RS
431162;SUL;RS
431164;SUL;RS
431170;SUL;RS
431171;SUL;RS
431173;SUL;RS
431175;SUL;RS
431177;SUL;RS
431179;SUL;RS
431180;SUL;RS
431190;SUL;RS
431198;SUL;RS
431200;SUL;RS
431205;SUL;RS
431210;SUL;RS
431213;SUL;RS
431215;SUL;RS
431217;SUL;RS
431220;SUL;RS
431225;SUL;RS
431230;SUL;RS
431235;SUL;RS
431237;SUL;RS
431238;SUL;RS
431240;SUL;RS
431242;SUL;RS
431244;SUL;RS
431245;SUL;RS
431247;SUL;RS
431250;SUL;RS
431260;SUL;RS
431261;SUL;RS
431262;SUL;RS
431265;SUL;RS
431267;SUL;RS
431270;SUL;RS
431275;SUL;RS
431280;SUL;RS
431290;SUL;RS
431295;SUL;RS
431300;SUL;RS
431301;SUL;RS
431303;SUL;RS
431306;SUL;RS
431308;SUL;RS
431310;SUL;RS
431320;SUL;RS
431330;SUL;RS
431333;SUL;RS
431335;SUL;RS
431337;SUL;RS
431339;SUL;RS
431340;SUL;RS
431342;SUL;RS
431344;SUL;RS
431346;SUL;RS
431349;SUL;RS
431350;SUL;RS
431360;SUL;RS
431365;SUL;RS
431370;SUL;RS
431380;SUL;RS
431390;SUL;RS
431395;SUL;RS
431400;SUL;RS
431402;SUL;RS
431403;SUL;RS
431405;SUL;RS
431406;SUL;RS
431407;SUL;RS
431410;SUL;RS
431413;SUL;RS
431415;SUL;RS
431417;SUL;RS
431420;SUL;RS
431430;SUL;RS
431440;SUL;RS
431442;SUL;RS
431445;SUL;RS
431446;SUL;RS
431447;SUL;RS
431449;SUL;RS
431450;SUL;RS
431453;SUL;RS
431454;SUL;RS
431455;SUL;RS
431460;SUL;RS
431470;SUL;RS
431475;SUL;RS
431477;SUL;RS
431478;SUL;RS
431480;SUL;RS
431490;SUL;RS
431500;SUL;RS
431505;SUL;RS
431507;SUL;RS
431510;SUL;RS
431513;SUL;RS
431514;SUL;RS
431515;SUL;RS
431517;SUL;RS
431520;SUL;RS
431530;SUL;RS
431531;SUL;RS
431532;SUL;RS
431535;SUL;RS
431540;SUL;RS
431545;SUL;RS
431550;SUL;RS
431555;SUL;RS
431560;SUL;RS
431570;SUL;RS
431575;SUL;RS
431580;SUL;RS
431590;SUL;RS
431595;SUL;RS
431600;SUL;RS
431610;SUL;RS
431620;SUL;RS
431630;SUL;RS
431640;SUL;RS
431642;SUL;RS
431643;SUL;RS
431645;SUL;RS
431647;SUL;RS
431650;SUL;RS
431660;SUL;RS
431670;SUL;RS
431673;SUL;RS
431675;SUL;RS
431680;SUL;RS
431690;SUL;RS
431695;SUL;RS
431697;SUL;RS
431700;SUL;RS
431710;SUL;RS
431720;SUL;RS
431725;SUL;RS
431730;SUL;RS
431740;SUL;RS
431750;SUL;RS
431755;SUL;RS
431760;SUL;RS
431770;SUL;RS
431775;SUL;RS
431780;SUL;RS
431790;SUL;RS
431795;SUL;RS
431800;SUL;RS
431805;SUL;RS
431810;SUL;RS
431820;SUL;RS
431830;SUL;RS
431840;SUL;RS
431842;SUL;RS
431843;SUL;RS
431844;SUL;RS
431845;SUL;RS
431846;SUL;RS
431848;SUL;RS
431849;SUL;RS
431850;SUL;RS
431860;SUL;RS
431861;SUL;RS
431862;SUL;RS
431870;SUL;RS
431880;SUL;RS
431890;SUL;RS
431900;SUL;RS
431910;SUL;RS
431912;SUL;RS
431915;SUL;RS
431920;SUL;RS
431930;SUL;RS
431935;SUL;RS
431936;SUL;RS
431937;SUL;RS
431940;SUL;RS
431950;SUL;RS
431960;SUL;RS
431970;SUL;RS
431971;SUL;RS
431973;SUL;RS
431975;SUL;RS
431980;SUL;RS
431990;SUL;RS
432000;SUL;RS
432010;SUL;RS
432020;SUL;RS
432023;SUL;RS
432026;SUL;RS
432030;SUL;RS
432032;SUL;RS
432035;SUL;RS
432040;SUL;RS
432045;SUL;RS
432050;SUL;RS
432055;SUL;RS
432057;SUL;RS
432060;SUL;RS
432065;SUL;RS
432067;SUL;RS
432070;SUL;RS
432080;SUL;RS
432085;SUL;RS
432090;SUL;RS
432100;SUL;RS
432110;SUL;RS
432120;SUL;RS
432130;SUL;RS
432132;SUL;RS
432135;SUL;RS
432140;SUL;RS
432143;SUL;RS
432145;SUL;RS
432146;SUL;RS
432147;SUL;RS
432149;SUL;RS
432150;SUL;RS
432160;SUL;RS
432162;SUL;RS
432163;SUL;RS
432166;SUL;RS
432170;SUL;RS
432180;SUL;RS
432183;SUL;RS
432185;SUL;RS
432190;SUL;RS
432195;SUL;RS
432200;SUL;RS
432210;SUL;RS
432215;SUL;RS
432218;SUL;RS
432220;SUL;RS
432225;SUL;RS
432230;SUL;RS
432232;SUL;RS
432234;SUL;RS
432235;SUL;RS
432237;SUL;RS
432240;SUL;RS
432250;SUL;RS
432252;SUL;RS
432253;SUL;RS
432254;SUL;RS
432255;SUL;RS
432260;SUL;RS
432270;SUL;RS
432280;SUL;RS
432285;SUL;RS
432290;SUL;RS
432300;SUL;RS
432310;SUL;RS
432320;SUL;RS
432330;SUL;RS
432335;SUL;RS
432340;SUL;RS
432345;SUL;RS
432350;SUL;RS
432360;SUL;RS
432370;SUL;RS
432375;SUL;RS
432377;SUL;RS
432380;SUL;RS
439999;SUL;RS